timestamp,load,hour,dayofweek,is_weekend,is_peak_hour,is_holiday,lag_24h,lag_168h,temp_C,is_peak_load
2020-09-03 00:00:00+01:00,22010.0,0,3,False,False,False,22710.0,21389.0,15.6,False
2020-09-03 01:00:00+01:00,20507.0,1,3,False,False,False,21200.0,20236.0,15.7,False
2020-09-03 02:00:00+01:00,19522.0,2,3,False,False,False,20016.0,19560.0,16.0,False
2020-09-03 03:00:00+01:00,18715.0,3,3,False,False,False,19471.0,19091.0,15.9,False
2020-09-03 04:00:00+01:00,19208.0,4,3,False,False,False,19406.0,19162.0,16.3,False
2020-09-03 05:00:00+01:00,21308.0,5,3,False,False,False,19762.0,20348.0,16.6,False
2020-09-03 06:00:00+01:00,24636.0,6,3,False,False,False,24024.0,24436.0,16.7,False
2020-09-03 07:00:00+01:00,29800.0,7,3,False,True,False,28837.0,29958.0,17.0,False
2020-09-03 08:00:00+01:00,33629.0,8,3,False,True,False,32354.0,33809.0,17.7,False
2020-09-03 09:00:00+01:00,36176.0,9,3,False,False,False,33604.0,35430.0,18.3,False
2020-09-03 10:00:00+01:00,35979.0,10,3,False,False,False,33896.0,35374.0,19.3,False
2020-09-03 11:00:00+01:00,35892.0,11,3,False,False,False,34184.0,36265.0,19.5,False
2020-09-03 12:00:00+01:00,36644.0,12,3,False,False,False,34848.0,36894.0,20.9,True
2020-09-03 13:00:00+01:00,35790.0,13,3,False,False,False,33675.0,36930.0,21.0,False
2020-09-03 14:00:00+01:00,34547.0,14,3,False,False,False,33394.0,36724.0,20.8,False
2020-09-03 15:00:00+01:00,33970.0,15,3,False,False,False,32746.0,36261.0,20.7,False
2020-09-03 16:00:00+01:00,35262.0,16,3,False,False,False,34330.0,36775.0,20.3,False
2020-09-03 17:00:00+01:00,35672.0,17,3,False,True,False,36180.0,37785.0,19.4,False
2020-09-03 18:00:00+01:00,33796.0,18,3,False,True,False,35301.0,36609.0,18.8,False
2020-09-03 19:00:00+01:00,33781.0,19,3,False,True,False,34150.0,35684.0,17.8,False
2020-09-03 20:00:00+01:00,34615.0,20,3,False,False,False,32742.0,34598.0,17.2,False
2020-09-03 21:00:00+01:00,31873.0,21,3,False,False,False,29819.0,31756.0,16.8,False
2020-09-03 22:00:00+01:00,27316.0,22,3,False,False,False,27139.0,28958.0,15.9,False
2020-09-03 23:00:00+01:00,25362.0,23,3,False,False,False,24400.0,26995.0,14.9,False
2020-09-04 00:00:00+01:00,22312.0,0,4,False,False,False,22010.0,24720.0,13.8,False
2020-09-04 01:00:00+01:00,21004.0,1,4,False,False,False,20507.0,22586.0,13.9,False
2020-09-04 02:00:00+01:00,20105.0,2,4,False,False,False,19522.0,22020.0,13.2,False
2020-09-04 03:00:00+01:00,19522.0,3,4,False,False,False,18715.0,21312.0,12.8,False
2020-09-04 04:00:00+01:00,19854.0,4,4,False,False,False,19208.0,20881.0,12.9,False
2020-09-04 05:00:00+01:00,22076.0,5,4,False,False,False,21308.0,21236.0,12.5,False
2020-09-04 06:00:00+01:00,26074.0,6,4,False,False,False,24636.0,23778.0,12.3,False
2020-09-04 07:00:00+01:00,30873.0,7,4,False,True,False,29800.0,29992.0,12.5,False
2020-09-04 08:00:00+01:00,34039.0,8,4,False,True,False,33629.0,33688.0,13.8,False
2020-09-04 09:00:00+01:00,34928.0,9,4,False,False,False,36176.0,35618.0,15.1,False
2020-09-04 10:00:00+01:00,35604.0,10,4,False,False,False,35979.0,35834.0,16.2,False
2020-09-04 11:00:00+01:00,35660.0,11,4,False,False,False,35892.0,35884.0,17.1,False
2020-09-04 12:00:00+01:00,36334.0,12,4,False,False,False,36644.0,36638.0,17.7,True
2020-09-04 13:00:00+01:00,35044.0,13,4,False,False,False,35790.0,34868.0,16.8,False
2020-09-04 14:00:00+01:00,33866.0,14,4,False,False,False,34547.0,33702.0,17.6,False
2020-09-04 15:00:00+01:00,32884.0,15,4,False,False,False,33970.0,33054.0,17.7,False
2020-09-04 16:00:00+01:00,33694.0,16,4,False,False,False,35262.0,33252.0,17.3,False
2020-09-04 17:00:00+01:00,35397.0,17,4,False,True,False,35672.0,34536.0,17.5,False
2020-09-04 18:00:00+01:00,34587.0,18,4,False,True,False,33796.0,34317.0,17.4,False
2020-09-04 19:00:00+01:00,34046.0,19,4,False,True,False,33781.0,32886.0,16.7,False
2020-09-04 20:00:00+01:00,33864.0,20,4,False,False,False,34615.0,32462.0,15.9,False
2020-09-04 21:00:00+01:00,30358.0,21,4,False,False,False,31873.0,29714.0,15.6,False
2020-09-04 22:00:00+01:00,27364.0,22,4,False,False,False,27316.0,27325.0,15.0,False
2020-09-04 23:00:00+01:00,24829.0,23,4,False,False,False,25362.0,25260.0,14.1,False
2020-09-05 00:00:00+01:00,20868.0,0,5,True,False,False,22312.0,21662.0,13.9,False
2020-09-05 01:00:00+01:00,19286.0,1,5,True,False,False,21004.0,19644.0,13.7,False
2020-09-05 02:00:00+01:00,18204.0,2,5,True,False,False,20105.0,18205.0,13.2,False
2020-09-05 03:00:00+01:00,17779.0,3,5,True,False,False,19522.0,17253.0,12.2,False
2020-09-05 04:00:00+01:00,17456.0,4,5,True,False,False,19854.0,16958.0,11.5,False
2020-09-05 05:00:00+01:00,17964.0,5,5,True,False,False,22076.0,16774.0,10.9,False
2020-09-05 06:00:00+01:00,20738.0,6,5,True,False,False,26074.0,19146.0,10.4,False
2020-09-05 07:00:00+01:00,25696.0,7,5,True,True,False,30873.0,23054.0,10.5,False
2020-09-05 08:00:00+01:00,28650.0,8,5,True,True,False,34039.0,28334.0,11.9,False
2020-09-05 09:00:00+01:00,30371.0,9,5,True,False,False,34928.0,30868.0,13.3,False
2020-09-05 10:00:00+01:00,31160.0,10,5,True,False,False,35604.0,31366.0,14.7,False
2020-09-05 11:00:00+01:00,31714.0,11,5,True,False,False,35660.0,31552.0,15.9,False
2020-09-05 12:00:00+01:00,32207.0,12,5,True,False,False,36334.0,32120.0,17.0,False
2020-09-05 13:00:00+01:00,31694.0,13,5,True,False,False,35044.0,32019.0,16.7,False
2020-09-05 14:00:00+01:00,30369.0,14,5,True,False,False,33866.0,31228.0,17.2,False
2020-09-05 15:00:00+01:00,29628.0,15,5,True,False,False,32884.0,31154.0,17.1,False
2020-09-05 16:00:00+01:00,30843.0,16,5,True,False,False,33694.0,32229.0,17.2,False
2020-09-05 17:00:00+01:00,33132.0,17,5,True,True,False,35397.0,34004.0,17.2,False
2020-09-05 18:00:00+01:00,33526.0,18,5,True,True,False,34587.0,33929.0,16.8,False
2020-09-05 19:00:00+01:00,33017.0,19,5,True,True,False,34046.0,32968.0,15.7,False
2020-09-05 20:00:00+01:00,32746.0,20,5,True,False,False,33864.0,32377.0,14.0,False
2020-09-05 21:00:00+01:00,30838.0,21,5,True,False,False,30358.0,30680.0,13.1,False
2020-09-05 22:00:00+01:00,28596.0,22,5,True,False,False,27364.0,28127.0,12.4,False
2020-09-05 23:00:00+01:00,25706.0,23,5,True,False,False,24829.0,25354.0,11.2,False
2020-09-06 00:00:00+01:00,23704.0,0,6,True,False,False,20868.0,23204.0,10.5,False
2020-09-06 01:00:00+01:00,22611.0,1,6,True,False,False,19286.0,21959.0,10.2,False
2020-09-06 02:00:00+01:00,22041.0,2,6,True,False,False,18204.0,20589.0,9.4,False
2020-09-06 03:00:00+01:00,21163.0,3,6,True,False,False,17779.0,19916.0,9.1,False
2020-09-06 04:00:00+01:00,20996.0,4,6,True,False,False,17456.0,19364.0,8.9,False
2020-09-06 05:00:00+01:00,21126.0,5,6,True,False,False,17964.0,20023.0,8.9,False
2020-09-06 06:00:00+01:00,22452.0,6,6,True,False,False,20738.0,20735.0,8.7,False
2020-09-06 07:00:00+01:00,24490.0,7,6,True,True,False,25696.0,23154.0,9.2,False
2020-09-06 08:00:00+01:00,27971.0,8,6,True,True,False,28650.0,26793.0,11.3,False
2020-09-06 09:00:00+01:00,30721.0,9,6,True,False,False,30371.0,28898.0,12.7,False
2020-09-06 10:00:00+01:00,32123.0,10,6,True,False,False,31160.0,30801.0,14.4,False
2020-09-06 11:00:00+01:00,33045.0,11,6,True,False,False,31714.0,31896.0,16.3,False
2020-09-06 12:00:00+01:00,33581.0,12,6,True,False,False,32207.0,32322.0,17.1,False
2020-09-06 13:00:00+01:00,33050.0,13,6,True,False,False,31694.0,31820.0,17.6,False
2020-09-06 14:00:00+01:00,32663.0,14,6,True,False,False,30369.0,31161.0,18.0,False
2020-09-06 15:00:00+01:00,32650.0,15,6,True,False,False,29628.0,31463.0,18.2,False
2020-09-06 16:00:00+01:00,33344.0,16,6,True,False,False,30843.0,32657.0,18.3,False
2020-09-06 17:00:00+01:00,34226.0,17,6,True,True,False,33132.0,33586.0,18.4,False
2020-09-06 18:00:00+01:00,33826.0,18,6,True,True,False,33526.0,33386.0,17.8,False
2020-09-06 19:00:00+01:00,33376.0,19,6,True,True,False,33017.0,32492.0,16.1,False
2020-09-06 20:00:00+01:00,33473.0,20,6,True,False,False,32746.0,32802.0,14.3,False
2020-09-06 21:00:00+01:00,31074.0,21,6,True,False,False,30838.0,31390.0,13.8,False
2020-09-06 22:00:00+01:00,28320.0,22,6,True,False,False,28596.0,29235.0,12.9,False
2020-09-06 23:00:00+01:00,25338.0,23,6,True,False,False,25706.0,26058.0,12.2,False
2020-09-07 00:00:00+01:00,23810.0,0,0,False,False,False,23704.0,23756.0,11.2,False
2020-09-07 01:00:00+01:00,22998.0,1,0,False,False,False,22611.0,22314.0,10.7,False
2020-09-07 02:00:00+01:00,22046.0,2,0,False,False,False,22041.0,21794.0,10.1,False
2020-09-07 03:00:00+01:00,20714.0,3,0,False,False,False,21163.0,21314.0,10.1,False
2020-09-07 04:00:00+01:00,20446.0,4,0,False,False,False,20996.0,20880.0,9.9,False
2020-09-07 05:00:00+01:00,21059.0,5,0,False,False,False,21126.0,20359.0,9.8,False
2020-09-07 06:00:00+01:00,25355.0,6,0,False,False,False,22452.0,20634.0,9.5,False
2020-09-07 07:00:00+01:00,29371.0,7,0,False,True,False,24490.0,22570.0,10.3,False
2020-09-07 08:00:00+01:00,33254.0,8,0,False,True,False,27971.0,25136.0,12.1,False
2020-09-07 09:00:00+01:00,35746.0,9,0,False,False,False,30721.0,27342.0,14.2,False
2020-09-07 10:00:00+01:00,35910.0,10,0,False,False,False,32123.0,28228.0,16.0,False
2020-09-07 11:00:00+01:00,36028.0,11,0,False,False,False,33045.0,29038.0,17.0,False
2020-09-07 12:00:00+01:00,36234.0,12,0,False,False,False,33581.0,30286.0,19.2,False
2020-09-07 13:00:00+01:00,35119.0,13,0,False,False,False,33050.0,29535.0,19.1,False
2020-09-07 14:00:00+01:00,34438.0,14,0,False,False,False,32663.0,29178.0,19.0,False
2020-09-07 15:00:00+01:00,34321.0,15,0,False,False,False,32650.0,28988.0,19.7,False
2020-09-07 16:00:00+01:00,36094.0,16,0,False,False,False,33344.0,30578.0,19.1,False
2020-09-07 17:00:00+01:00,36742.0,17,0,False,True,False,34226.0,33095.0,18.9,True
2020-09-07 18:00:00+01:00,36212.0,18,0,False,True,False,33826.0,32530.0,18.4,False
2020-09-07 19:00:00+01:00,35110.0,19,0,False,True,False,33376.0,31133.0,17.7,False
2020-09-07 20:00:00+01:00,34262.0,20,0,False,False,False,33473.0,32168.0,17.0,False
2020-09-07 21:00:00+01:00,30916.0,21,0,False,False,False,31074.0,29960.0,16.6,False
2020-09-07 22:00:00+01:00,26556.0,22,0,False,False,False,28320.0,26092.0,16.6,False
2020-09-07 23:00:00+01:00,25756.0,23,0,False,False,False,25338.0,23629.0,16.0,False
2020-09-08 00:00:00+01:00,23058.0,0,1,False,False,False,23810.0,21160.0,16.0,False
2020-09-08 01:00:00+01:00,22262.0,1,1,False,False,False,22998.0,19750.0,15.9,False
2020-09-08 02:00:00+01:00,22272.0,2,1,False,False,False,22046.0,18943.0,15.4,False
2020-09-08 03:00:00+01:00,22466.0,3,1,False,False,False,20714.0,18460.0,15.3,False
2020-09-08 04:00:00+01:00,22778.0,4,1,False,False,False,20446.0,17848.0,15.5,False
2020-09-08 05:00:00+01:00,24216.0,5,1,False,False,False,21059.0,18884.0,15.5,False
2020-09-08 06:00:00+01:00,26476.0,6,1,False,False,False,25355.0,23134.0,15.7,False
2020-09-08 07:00:00+01:00,30754.0,7,1,False,True,False,29371.0,27808.0,16.2,False
2020-09-08 08:00:00+01:00,33240.0,8,1,False,True,False,33254.0,31703.0,16.9,False
2020-09-08 09:00:00+01:00,34442.0,9,1,False,False,False,35746.0,34060.0,17.9,False
2020-09-08 10:00:00+01:00,35094.0,10,1,False,False,False,35910.0,34100.0,18.4,False
2020-09-08 11:00:00+01:00,34624.0,11,1,False,False,False,36028.0,34342.0,19.6,False
2020-09-08 12:00:00+01:00,34709.0,12,1,False,False,False,36234.0,34790.0,20.3,False
2020-09-08 13:00:00+01:00,34988.0,13,1,False,False,False,35119.0,34019.0,22.3,False
2020-09-08 14:00:00+01:00,34474.0,14,1,False,False,False,34438.0,33186.0,23.3,False
2020-09-08 15:00:00+01:00,34052.0,15,1,False,False,False,34321.0,32993.0,23.5,False
2020-09-08 16:00:00+01:00,35776.0,16,1,False,False,False,36094.0,34014.0,23.6,False
2020-09-08 17:00:00+01:00,37386.0,17,1,False,True,False,36742.0,35014.0,23.4,True
2020-09-08 18:00:00+01:00,35332.0,18,1,False,True,False,36212.0,35608.0,22.8,False
2020-09-08 19:00:00+01:00,34183.0,19,1,False,True,False,35110.0,34483.0,21.3,False
2020-09-08 20:00:00+01:00,34080.0,20,1,False,False,False,34262.0,34192.0,20.0,False
2020-09-08 21:00:00+01:00,30912.0,21,1,False,False,False,30916.0,32047.0,19.3,False
2020-09-08 22:00:00+01:00,28024.0,22,1,False,False,False,26556.0,27344.0,18.1,False
2020-09-08 23:00:00+01:00,25300.0,23,1,False,False,False,25756.0,25886.0,17.2,False
2020-09-09 00:00:00+01:00,21773.0,0,2,False,False,False,23058.0,22710.0,16.7,False
2020-09-09 01:00:00+01:00,20356.0,1,2,False,False,False,22262.0,21200.0,16.7,False
2020-09-09 02:00:00+01:00,19402.0,2,2,False,False,False,22272.0,20016.0,16.0,False
2020-09-09 03:00:00+01:00,19277.0,3,2,False,False,False,22466.0,19471.0,15.5,False
2020-09-09 04:00:00+01:00,19258.0,4,2,False,False,False,22778.0,19406.0,15.3,False
2020-09-09 05:00:00+01:00,21790.0,5,2,False,False,False,24216.0,19762.0,15.0,False
2020-09-09 06:00:00+01:00,25878.0,6,2,False,False,False,26476.0,24024.0,14.7,False
2020-09-09 07:00:00+01:00,30458.0,7,2,False,True,False,30754.0,28837.0,14.9,False
2020-09-09 08:00:00+01:00,32866.0,8,2,False,True,False,33240.0,32354.0,15.9,False
2020-09-09 09:00:00+01:00,33680.0,9,2,False,False,False,34442.0,33604.0,17.3,False
2020-09-09 10:00:00+01:00,34179.0,10,2,False,False,False,35094.0,33896.0,18.5,False
2020-09-09 11:00:00+01:00,35179.0,11,2,False,False,False,34624.0,34184.0,20.3,False
2020-09-09 12:00:00+01:00,35104.0,12,2,False,False,False,34709.0,34848.0,21.8,False
2020-09-09 13:00:00+01:00,34781.0,13,2,False,False,False,34988.0,33675.0,21.2,False
2020-09-09 14:00:00+01:00,33419.0,14,2,False,False,False,34474.0,33394.0,21.6,False
2020-09-09 15:00:00+01:00,31834.0,15,2,False,False,False,34052.0,32746.0,22.2,False
2020-09-09 16:00:00+01:00,32224.0,16,2,False,False,False,35776.0,34330.0,21.5,False
2020-09-09 17:00:00+01:00,32692.0,17,2,False,True,False,37386.0,36180.0,20.9,False
2020-09-09 18:00:00+01:00,31868.0,18,2,False,True,False,35332.0,35301.0,20.7,False
2020-09-09 19:00:00+01:00,32224.0,19,2,False,True,False,34183.0,34150.0,19.4,False
2020-09-09 20:00:00+01:00,33574.0,20,2,False,False,False,34080.0,32742.0,17.8,False
2020-09-09 21:00:00+01:00,30766.0,21,2,False,False,False,30912.0,29819.0,15.5,False
2020-09-09 22:00:00+01:00,27516.0,22,2,False,False,False,28024.0,27139.0,14.0,False
2020-09-09 23:00:00+01:00,22584.0,23,2,False,False,False,25300.0,24400.0,12.8,False
2020-09-10 00:00:00+01:00,20308.0,0,3,False,False,False,21773.0,22010.0,11.7,False
2020-09-10 01:00:00+01:00,19214.0,1,3,False,False,False,20356.0,20507.0,11.6,False
2020-09-10 02:00:00+01:00,19994.0,2,3,False,False,False,19402.0,19522.0,10.7,False
2020-09-10 03:00:00+01:00,20398.0,3,3,False,False,False,19277.0,18715.0,10.3,False
2020-09-10 04:00:00+01:00,19939.0,4,3,False,False,False,19258.0,19208.0,10.2,False
2020-09-10 05:00:00+01:00,19078.0,5,3,False,False,False,21790.0,21308.0,9.7,False
2020-09-10 06:00:00+01:00,24686.0,6,3,False,False,False,25878.0,24636.0,9.0,False
2020-09-10 07:00:00+01:00,30567.0,7,3,False,True,False,30458.0,29800.0,8.8,False
2020-09-10 08:00:00+01:00,32532.0,8,3,False,True,False,32866.0,33629.0,11.1,False
2020-09-10 09:00:00+01:00,33424.0,9,3,False,False,False,33680.0,36176.0,13.1,False
2020-09-10 10:00:00+01:00,33563.0,10,3,False,False,False,34179.0,35979.0,15.0,False
2020-09-10 11:00:00+01:00,33955.0,11,3,False,False,False,35179.0,35892.0,16.1,False
2020-09-10 12:00:00+01:00,34200.0,12,3,False,False,False,35104.0,36644.0,16.9,False
2020-09-10 13:00:00+01:00,32184.0,13,3,False,False,False,34781.0,35790.0,17.2,False
2020-09-10 14:00:00+01:00,32862.0,14,3,False,False,False,33419.0,34547.0,18.0,False
2020-09-10 15:00:00+01:00,32236.0,15,3,False,False,False,31834.0,33970.0,18.4,False
2020-09-10 16:00:00+01:00,33806.0,16,3,False,False,False,32224.0,35262.0,18.5,False
2020-09-10 17:00:00+01:00,35754.0,17,3,False,True,False,32692.0,35672.0,18.3,False
2020-09-10 18:00:00+01:00,34978.0,18,3,False,True,False,31868.0,33796.0,17.6,False
2020-09-10 19:00:00+01:00,34980.0,19,3,False,True,False,32224.0,33781.0,16.0,False
2020-09-10 20:00:00+01:00,34565.0,20,3,False,False,False,33574.0,34615.0,14.4,False
2020-09-10 21:00:00+01:00,29193.0,21,3,False,False,False,30766.0,31873.0,12.9,False
2020-09-10 22:00:00+01:00,25684.0,22,3,False,False,False,27516.0,27316.0,13.2,False
2020-09-10 23:00:00+01:00,24770.0,23,3,False,False,False,22584.0,25362.0,12.3,False
2020-09-11 00:00:00+01:00,22489.0,0,4,False,False,False,20308.0,22312.0,11.6,False
2020-09-11 01:00:00+01:00,20587.0,1,4,False,False,False,19214.0,21004.0,12.5,False
2020-09-11 02:00:00+01:00,19292.0,2,4,False,False,False,19994.0,20105.0,11.5,False
2020-09-11 03:00:00+01:00,18252.0,3,4,False,False,False,20398.0,19522.0,10.6,False
2020-09-11 04:00:00+01:00,17929.0,4,4,False,False,False,19939.0,19854.0,9.5,False
2020-09-11 05:00:00+01:00,20434.0,5,4,False,False,False,19078.0,22076.0,9.4,False
2020-09-11 06:00:00+01:00,24208.0,6,4,False,False,False,24686.0,26074.0,9.4,False
2020-09-11 07:00:00+01:00,28496.0,7,4,False,True,False,30567.0,30873.0,9.7,False
2020-09-11 08:00:00+01:00,31873.0,8,4,False,True,False,32532.0,34039.0,11.4,False
2020-09-11 09:00:00+01:00,32518.0,9,4,False,False,False,33424.0,34928.0,13.6,False
2020-09-11 10:00:00+01:00,32898.0,10,4,False,False,False,33563.0,35604.0,15.3,False
2020-09-11 11:00:00+01:00,33458.0,11,4,False,False,False,33955.0,35660.0,16.9,False
2020-09-11 12:00:00+01:00,33518.0,12,4,False,False,False,34200.0,36334.0,18.1,False
2020-09-11 13:00:00+01:00,32409.0,13,4,False,False,False,32184.0,35044.0,17.8,False
2020-09-11 14:00:00+01:00,31948.0,14,4,False,False,False,32862.0,33866.0,18.4,False
2020-09-11 15:00:00+01:00,30908.0,15,4,False,False,False,32236.0,32884.0,18.8,False
2020-09-11 16:00:00+01:00,31056.0,16,4,False,False,False,33806.0,33694.0,18.8,False
2020-09-11 17:00:00+01:00,31840.0,17,4,False,True,False,35754.0,35397.0,18.3,False
2020-09-11 18:00:00+01:00,31840.0,18,4,False,True,False,34978.0,34587.0,17.5,False
2020-09-11 19:00:00+01:00,32791.0,19,4,False,True,False,34980.0,34046.0,16.6,False
2020-09-11 20:00:00+01:00,32264.0,20,4,False,False,False,34565.0,33864.0,15.1,False
2020-09-11 21:00:00+01:00,28592.0,21,4,False,False,False,29193.0,30358.0,13.9,False
2020-09-11 22:00:00+01:00,25700.0,22,4,False,False,False,25684.0,27364.0,13.2,False
2020-09-11 23:00:00+01:00,23995.0,23,4,False,False,False,24770.0,24829.0,12.6,False
2020-09-12 00:00:00+01:00,21652.0,0,5,True,False,False,22489.0,20868.0,12.9,False
2020-09-12 01:00:00+01:00,19200.0,1,5,True,False,False,20587.0,19286.0,12.8,False
2020-09-12 02:00:00+01:00,17890.0,2,5,True,False,False,19292.0,18204.0,12.8,False
2020-09-12 03:00:00+01:00,16580.0,3,5,True,False,False,18252.0,17779.0,12.3,False
2020-09-12 04:00:00+01:00,16199.0,4,5,True,False,False,17929.0,17456.0,12.0,False
2020-09-12 05:00:00+01:00,17001.0,5,5,True,False,False,20434.0,17964.0,11.9,False
2020-09-12 06:00:00+01:00,20322.0,6,5,True,False,False,24208.0,20738.0,12.0,False
2020-09-12 07:00:00+01:00,24140.0,7,5,True,True,False,28496.0,25696.0,12.4,False
2020-09-12 08:00:00+01:00,28572.0,8,5,True,True,False,31873.0,28650.0,13.9,False
2020-09-12 09:00:00+01:00,31038.0,9,5,True,False,False,32518.0,30371.0,14.9,False
2020-09-12 10:00:00+01:00,31364.0,10,5,True,False,False,32898.0,31160.0,16.9,False
2020-09-12 11:00:00+01:00,31293.0,11,5,True,False,False,33458.0,31714.0,17.9,False
2020-09-12 12:00:00+01:00,31788.0,12,5,True,False,False,33518.0,32207.0,18.7,False
2020-09-12 13:00:00+01:00,30308.0,13,5,True,False,False,32409.0,31694.0,19.3,False
2020-09-12 14:00:00+01:00,29403.0,14,5,True,False,False,31948.0,30369.0,20.0,False
2020-09-12 15:00:00+01:00,29122.0,15,5,True,False,False,30908.0,29628.0,20.2,False
2020-09-12 16:00:00+01:00,31406.0,16,5,True,False,False,31056.0,30843.0,20.4,False
2020-09-12 17:00:00+01:00,33226.0,17,5,True,True,False,31840.0,33132.0,20.1,False
2020-09-12 18:00:00+01:00,34264.0,18,5,True,True,False,31840.0,33526.0,19.2,False
2020-09-12 19:00:00+01:00,34156.0,19,5,True,True,False,32791.0,33017.0,16.7,False
2020-09-12 20:00:00+01:00,33802.0,20,5,True,False,False,32264.0,32746.0,15.5,False
2020-09-12 21:00:00+01:00,30642.0,21,5,True,False,False,28592.0,30838.0,15.1,False
2020-09-12 22:00:00+01:00,26526.0,22,5,True,False,False,25700.0,28596.0,14.8,False
2020-09-12 23:00:00+01:00,22712.0,23,5,True,False,False,23995.0,25706.0,14.2,False
2020-09-13 00:00:00+01:00,19542.0,0,6,True,False,False,21652.0,23704.0,13.8,False
2020-09-13 01:00:00+01:00,17440.0,1,6,True,False,False,19200.0,22611.0,13.6,False
2020-09-13 02:00:00+01:00,17464.0,2,6,True,False,False,17890.0,22041.0,13.3,False
2020-09-13 03:00:00+01:00,16449.0,3,6,True,False,False,16580.0,21163.0,13.1,False
2020-09-13 04:00:00+01:00,15980.0,4,6,True,False,False,16199.0,20996.0,12.8,False
2020-09-13 05:00:00+01:00,15930.0,5,6,True,False,False,17001.0,21126.0,12.6,False
2020-09-13 06:00:00+01:00,17460.0,6,6,True,False,False,20322.0,22452.0,12.4,False
2020-09-13 07:00:00+01:00,20150.0,7,6,True,True,False,24140.0,24490.0,12.7,False
2020-09-13 08:00:00+01:00,24325.0,8,6,True,True,False,28572.0,27971.0,14.3,False
2020-09-13 09:00:00+01:00,28707.0,9,6,True,False,False,31038.0,30721.0,16.2,False
2020-09-13 10:00:00+01:00,30636.0,10,6,True,False,False,31364.0,32123.0,18.1,False
2020-09-13 11:00:00+01:00,30694.0,11,6,True,False,False,31293.0,33045.0,19.7,False
2020-09-13 12:00:00+01:00,31500.0,12,6,True,False,False,31788.0,33581.0,20.9,False
2020-09-13 13:00:00+01:00,30795.0,13,6,True,False,False,30308.0,33050.0,22.0,False
2020-09-13 14:00:00+01:00,29685.0,14,6,True,False,False,29403.0,32663.0,22.8,False
2020-09-13 15:00:00+01:00,29724.0,15,6,True,False,False,29122.0,32650.0,23.2,False
2020-09-13 16:00:00+01:00,32020.0,16,6,True,False,False,31406.0,33344.0,23.3,False
2020-09-13 17:00:00+01:00,33730.0,17,6,True,True,False,33226.0,34226.0,22.9,False
2020-09-13 18:00:00+01:00,34300.0,18,6,True,True,False,34264.0,33826.0,21.8,False
2020-09-13 19:00:00+01:00,34480.0,19,6,True,True,False,34156.0,33376.0,19.3,False
2020-09-13 20:00:00+01:00,34446.0,20,6,True,False,False,33802.0,33473.0,17.4,False
2020-09-13 21:00:00+01:00,32048.0,21,6,True,False,False,30642.0,31074.0,16.2,False
2020-09-13 22:00:00+01:00,29148.0,22,6,True,False,False,26526.0,28320.0,14.8,False
2020-09-13 23:00:00+01:00,24580.0,23,6,True,False,False,22712.0,25338.0,13.9,False
2020-09-14 00:00:00+01:00,22101.0,0,0,False,False,False,19542.0,23810.0,12.7,False
2020-09-14 01:00:00+01:00,21492.0,1,0,False,False,False,17440.0,22998.0,12.4,False
2020-09-14 02:00:00+01:00,21259.0,2,0,False,False,False,17464.0,22046.0,13.4,False
2020-09-14 03:00:00+01:00,20990.0,3,0,False,False,False,16449.0,20714.0,13.2,False
2020-09-14 04:00:00+01:00,20892.0,4,0,False,False,False,15980.0,20446.0,12.4,False
2020-09-14 05:00:00+01:00,18852.0,5,0,False,False,False,15930.0,21059.0,10.3,False
2020-09-14 06:00:00+01:00,23609.0,6,0,False,False,False,17460.0,25355.0,9.8,False
2020-09-14 07:00:00+01:00,28593.0,7,0,False,True,False,20150.0,29371.0,10.4,False
2020-09-14 08:00:00+01:00,32135.0,8,0,False,True,False,24325.0,33254.0,13.1,False
2020-09-14 09:00:00+01:00,34018.0,9,0,False,False,False,28707.0,35746.0,16.1,False
2020-09-14 10:00:00+01:00,33139.0,10,0,False,False,False,30636.0,35910.0,19.1,False
2020-09-14 11:00:00+01:00,33265.0,11,0,False,False,False,30694.0,36028.0,21.8,False
2020-09-14 12:00:00+01:00,34360.0,12,0,False,False,False,31500.0,36234.0,24.0,False
2020-09-14 13:00:00+01:00,33502.0,13,0,False,False,False,30795.0,35119.0,25.9,False
2020-09-14 14:00:00+01:00,32743.0,14,0,False,False,False,29685.0,34438.0,26.7,False
2020-09-14 15:00:00+01:00,32688.0,15,0,False,False,False,29724.0,34321.0,27.1,False
2020-09-14 16:00:00+01:00,34807.0,16,0,False,False,False,32020.0,36094.0,27.0,False
2020-09-14 17:00:00+01:00,36618.0,17,0,False,True,False,33730.0,36742.0,26.7,True
2020-09-14 18:00:00+01:00,36232.0,18,0,False,True,False,34300.0,36212.0,25.1,False
2020-09-14 19:00:00+01:00,35970.0,19,0,False,True,False,34480.0,35110.0,21.5,False
2020-09-14 20:00:00+01:00,34592.0,20,0,False,False,False,34446.0,34262.0,18.9,False
2020-09-14 21:00:00+01:00,31580.0,21,0,False,False,False,32048.0,30916.0,17.3,False
2020-09-14 22:00:00+01:00,26949.0,22,0,False,False,False,29148.0,26556.0,16.3,False
2020-09-14 23:00:00+01:00,21798.0,23,0,False,False,False,24580.0,25756.0,15.5,False
2020-09-15 00:00:00+01:00,18890.0,0,1,False,False,False,22101.0,23058.0,15.2,False
2020-09-15 01:00:00+01:00,18132.0,1,1,False,False,False,21492.0,22262.0,15.5,False
2020-09-15 02:00:00+01:00,18334.0,2,1,False,False,False,21259.0,22272.0,15.4,False
2020-09-15 03:00:00+01:00,17096.0,3,1,False,False,False,20990.0,22466.0,15.4,False
2020-09-15 04:00:00+01:00,16901.0,4,1,False,False,False,20892.0,22778.0,15.2,False
2020-09-15 05:00:00+01:00,18620.0,5,1,False,False,False,18852.0,24216.0,15.0,False
2020-09-15 06:00:00+01:00,24052.0,6,1,False,False,False,23609.0,26476.0,15.2,False
2020-09-15 07:00:00+01:00,28852.0,7,1,False,True,False,28593.0,30754.0,15.4,False
2020-09-15 08:00:00+01:00,31183.0,8,1,False,True,False,32135.0,33240.0,17.7,False
2020-09-15 09:00:00+01:00,32600.0,9,1,False,False,False,34018.0,34442.0,20.4,False
2020-09-15 10:00:00+01:00,32928.0,10,1,False,False,False,33139.0,35094.0,22.8,False
2020-09-15 11:00:00+01:00,33152.0,11,1,False,False,False,33265.0,34624.0,24.5,False
2020-09-15 12:00:00+01:00,34292.0,12,1,False,False,False,34360.0,34709.0,26.1,False
2020-09-15 13:00:00+01:00,33700.0,13,1,False,False,False,33502.0,34988.0,27.4,False
2020-09-15 14:00:00+01:00,32992.0,14,1,False,False,False,32743.0,34474.0,27.7,False
2020-09-15 15:00:00+01:00,33020.0,15,1,False,False,False,32688.0,34052.0,28.0,False
2020-09-15 16:00:00+01:00,35704.0,16,1,False,False,False,34807.0,35776.0,28.0,False
2020-09-15 17:00:00+01:00,37444.0,17,1,False,True,False,36618.0,37386.0,27.2,True
2020-09-15 18:00:00+01:00,36161.0,18,1,False,True,False,36232.0,35332.0,26.0,False
2020-09-15 19:00:00+01:00,36758.0,19,1,False,True,False,35970.0,34183.0,23.7,True
2020-09-15 20:00:00+01:00,35302.0,20,1,False,False,False,34592.0,34080.0,22.3,False
2020-09-15 21:00:00+01:00,31922.0,21,1,False,False,False,31580.0,30912.0,21.3,False
2020-09-15 22:00:00+01:00,27114.0,22,1,False,False,False,26949.0,28024.0,21.0,False
2020-09-15 23:00:00+01:00,23245.0,23,1,False,False,False,21798.0,25300.0,20.4,False
2020-09-16 00:00:00+01:00,20163.0,0,2,False,False,False,18890.0,21773.0,20.0,False
2020-09-16 01:00:00+01:00,18394.0,1,2,False,False,False,18132.0,20356.0,19.0,False
2020-09-16 02:00:00+01:00,17454.0,2,2,False,False,False,18334.0,19402.0,18.4,False
2020-09-16 03:00:00+01:00,16475.0,3,2,False,False,False,17096.0,19277.0,17.1,False
2020-09-16 04:00:00+01:00,16332.0,4,2,False,False,False,16901.0,19258.0,16.6,False
2020-09-16 05:00:00+01:00,18877.0,5,2,False,False,False,18620.0,21790.0,16.5,False
2020-09-16 06:00:00+01:00,24158.0,6,2,False,False,False,24052.0,25878.0,15.8,False
2020-09-16 07:00:00+01:00,27862.0,7,2,False,True,False,28852.0,30458.0,15.8,False
2020-09-16 08:00:00+01:00,30762.0,8,2,False,True,False,31183.0,32866.0,17.6,False
2020-09-16 09:00:00+01:00,31797.0,9,2,False,False,False,32600.0,33680.0,19.5,False
2020-09-16 10:00:00+01:00,31626.0,10,2,False,False,False,32928.0,34179.0,21.5,False
2020-09-16 11:00:00+01:00,32944.0,11,2,False,False,False,33152.0,35179.0,23.2,False
2020-09-16 12:00:00+01:00,33886.0,12,2,False,False,False,34292.0,35104.0,24.4,False
2020-09-16 13:00:00+01:00,33213.0,13,2,False,False,False,33700.0,34781.0,23.8,False
2020-09-16 14:00:00+01:00,32178.0,14,2,False,False,False,32992.0,33419.0,24.4,False
2020-09-16 15:00:00+01:00,32014.0,15,2,False,False,False,33020.0,31834.0,23.8,False
2020-09-16 16:00:00+01:00,33464.0,16,2,False,False,False,35704.0,32224.0,24.0,False
2020-09-16 17:00:00+01:00,34760.0,17,2,False,True,False,37444.0,32692.0,23.7,False
2020-09-16 18:00:00+01:00,34608.0,18,2,False,True,False,36161.0,31868.0,22.8,False
2020-09-16 19:00:00+01:00,35106.0,19,2,False,True,False,36758.0,32224.0,21.2,False
2020-09-16 20:00:00+01:00,33392.0,20,2,False,False,False,35302.0,33574.0,19.1,False
2020-09-16 21:00:00+01:00,30370.0,21,2,False,False,False,31922.0,30766.0,17.3,False
2020-09-16 22:00:00+01:00,27564.0,22,2,False,False,False,27114.0,27516.0,16.5,False
2020-09-16 23:00:00+01:00,24674.0,23,2,False,False,False,23245.0,22584.0,15.7,False
2020-09-17 00:00:00+01:00,21926.0,0,3,False,False,False,20163.0,20308.0,14.7,False
2020-09-17 01:00:00+01:00,20413.0,1,3,False,False,False,18394.0,19214.0,15.5,False
2020-09-17 02:00:00+01:00,20026.0,2,3,False,False,False,17454.0,19994.0,15.4,False
2020-09-17 03:00:00+01:00,20004.0,3,3,False,False,False,16475.0,20398.0,14.3,False
2020-09-17 04:00:00+01:00,19944.0,4,3,False,False,False,16332.0,19939.0,13.5,False
2020-09-17 05:00:00+01:00,20442.0,5,3,False,False,False,18877.0,19078.0,13.1,False
2020-09-17 06:00:00+01:00,23634.0,6,3,False,False,False,24158.0,24686.0,12.8,False
2020-09-17 07:00:00+01:00,29235.0,7,3,False,True,False,27862.0,30567.0,12.6,False
2020-09-17 08:00:00+01:00,33396.0,8,3,False,True,False,30762.0,32532.0,13.7,False
2020-09-17 09:00:00+01:00,33856.0,9,3,False,False,False,31797.0,33424.0,15.2,False
2020-09-17 10:00:00+01:00,33742.0,10,3,False,False,False,31626.0,33563.0,16.7,False
2020-09-17 11:00:00+01:00,34384.0,11,3,False,False,False,32944.0,33955.0,18.1,False
2020-09-17 12:00:00+01:00,34662.0,12,3,False,False,False,33886.0,34200.0,19.0,False
2020-09-17 13:00:00+01:00,33876.0,13,3,False,False,False,33213.0,32184.0,20.2,False
2020-09-17 14:00:00+01:00,33040.0,14,3,False,False,False,32178.0,32862.0,20.4,False
2020-09-17 15:00:00+01:00,32754.0,15,3,False,False,False,32014.0,32236.0,20.5,False
2020-09-17 16:00:00+01:00,34186.0,16,3,False,False,False,33464.0,33806.0,20.1,False
2020-09-17 17:00:00+01:00,35540.0,17,3,False,True,False,34760.0,35754.0,19.1,False
2020-09-17 18:00:00+01:00,34956.0,18,3,False,True,False,34608.0,34978.0,17.4,False
2020-09-17 19:00:00+01:00,36522.0,19,3,False,True,False,35106.0,34980.0,15.3,True
2020-09-17 20:00:00+01:00,35860.0,20,3,False,False,False,33392.0,34565.0,14.1,False
2020-09-17 21:00:00+01:00,32294.0,21,3,False,False,False,30370.0,29193.0,13.7,False
2020-09-17 22:00:00+01:00,28136.0,22,3,False,False,False,27564.0,25684.0,13.5,False
2020-09-17 23:00:00+01:00,26820.0,23,3,False,False,False,24674.0,24770.0,13.5,False
2020-09-18 00:00:00+01:00,24794.0,0,4,False,False,False,21926.0,22489.0,13.8,False
2020-09-18 01:00:00+01:00,23291.0,1,4,False,False,False,20413.0,20587.0,13.4,False
2020-09-18 02:00:00+01:00,22966.0,2,4,False,False,False,20026.0,19292.0,12.2,False
2020-09-18 03:00:00+01:00,22232.0,3,4,False,False,False,20004.0,18252.0,11.7,False
2020-09-18 04:00:00+01:00,22093.0,4,4,False,False,False,19944.0,17929.0,11.5,False
2020-09-18 05:00:00+01:00,22956.0,5,4,False,False,False,20442.0,20434.0,11.4,False
2020-09-18 06:00:00+01:00,27132.0,6,4,False,False,False,23634.0,24208.0,11.4,False
2020-09-18 07:00:00+01:00,32279.0,7,4,False,True,False,29235.0,28496.0,11.6,False
2020-09-18 08:00:00+01:00,35810.0,8,4,False,True,False,33396.0,31873.0,13.2,False
2020-09-18 09:00:00+01:00,35922.0,9,4,False,False,False,33856.0,32518.0,15.2,False
2020-09-18 10:00:00+01:00,34464.0,10,4,False,False,False,33742.0,32898.0,17.2,False
2020-09-18 11:00:00+01:00,34246.0,11,4,False,False,False,34384.0,33458.0,18.8,False
2020-09-18 12:00:00+01:00,34488.0,12,4,False,False,False,34662.0,33518.0,19.3,False
2020-09-18 13:00:00+01:00,32772.0,13,4,False,False,False,33876.0,32409.0,20.0,False
2020-09-18 14:00:00+01:00,31588.0,14,4,False,False,False,33040.0,31948.0,20.2,False
2020-09-18 15:00:00+01:00,31565.0,15,4,False,False,False,32754.0,30908.0,20.2,False
2020-09-18 16:00:00+01:00,32061.0,16,4,False,False,False,34186.0,31056.0,20.0,False
2020-09-18 17:00:00+01:00,33884.0,17,4,False,True,False,35540.0,31840.0,19.3,False
2020-09-18 18:00:00+01:00,33606.0,18,4,False,True,False,34956.0,31840.0,18.0,False
2020-09-18 19:00:00+01:00,35474.0,19,4,False,True,False,36522.0,32791.0,16.6,False
2020-09-18 20:00:00+01:00,33488.0,20,4,False,False,False,35860.0,32264.0,15.8,False
2020-09-18 21:00:00+01:00,30948.0,21,4,False,False,False,32294.0,28592.0,15.3,False
2020-09-18 22:00:00+01:00,27830.0,22,4,False,False,False,28136.0,25700.0,14.9,False
2020-09-18 23:00:00+01:00,26002.0,23,4,False,False,False,26820.0,23995.0,14.6,False
2020-09-19 00:00:00+01:00,23002.0,0,5,True,False,False,24794.0,21652.0,14.6,False
2020-09-19 01:00:00+01:00,21769.0,1,5,True,False,False,23291.0,19200.0,14.5,False
2020-09-19 02:00:00+01:00,21026.0,2,5,True,False,False,22966.0,17890.0,14.1,False
2020-09-19 03:00:00+01:00,19660.0,3,5,True,False,False,22232.0,16580.0,13.7,False
2020-09-19 04:00:00+01:00,19268.0,4,5,True,False,False,22093.0,16199.0,13.3,False
2020-09-19 05:00:00+01:00,20486.0,5,5,True,False,False,22956.0,17001.0,13.1,False
2020-09-19 06:00:00+01:00,23884.0,6,5,True,False,False,27132.0,20322.0,13.3,False
2020-09-19 07:00:00+01:00,27723.0,7,5,True,True,False,32279.0,24140.0,13.5,False
2020-09-19 08:00:00+01:00,30524.0,8,5,True,True,False,35810.0,28572.0,15.0,False
2020-09-19 09:00:00+01:00,32200.0,9,5,True,False,False,35922.0,31038.0,16.9,False
2020-09-19 10:00:00+01:00,32906.0,10,5,True,False,False,34464.0,31364.0,19.0,False
2020-09-19 11:00:00+01:00,32652.0,11,5,True,False,False,34246.0,31293.0,20.9,False
2020-09-19 12:00:00+01:00,32140.0,12,5,True,False,False,34488.0,31788.0,21.9,False
2020-09-19 13:00:00+01:00,31860.0,13,5,True,False,False,32772.0,30308.0,22.5,False
2020-09-19 14:00:00+01:00,30605.0,14,5,True,False,False,31588.0,29403.0,23.2,False
2020-09-19 15:00:00+01:00,30658.0,15,5,True,False,False,31565.0,29122.0,23.3,False
2020-09-19 16:00:00+01:00,31772.0,16,5,True,False,False,32061.0,31406.0,22.8,False
2020-09-19 17:00:00+01:00,33317.0,17,5,True,True,False,33884.0,33226.0,21.8,False
2020-09-19 18:00:00+01:00,33663.0,18,5,True,True,False,33606.0,34264.0,20.5,False
2020-09-19 19:00:00+01:00,34474.0,19,5,True,True,False,35474.0,34156.0,18.7,False
2020-09-19 20:00:00+01:00,33144.0,20,5,True,False,False,33488.0,33802.0,17.6,False
2020-09-19 21:00:00+01:00,31120.0,21,5,True,False,False,30948.0,30642.0,16.8,False
2020-09-19 22:00:00+01:00,28832.0,22,5,True,False,False,27830.0,26526.0,16.1,False
2020-09-19 23:00:00+01:00,25910.0,23,5,True,False,False,26002.0,22712.0,15.5,False
2020-09-20 00:00:00+01:00,23768.0,0,6,True,False,False,23002.0,19542.0,15.1,False
2020-09-20 01:00:00+01:00,22328.0,1,6,True,False,False,21769.0,17440.0,14.4,False
2020-09-20 02:00:00+01:00,21257.0,2,6,True,False,False,21026.0,17464.0,14.2,False
2020-09-20 03:00:00+01:00,20545.0,3,6,True,False,False,19660.0,16449.0,14.1,False
2020-09-20 04:00:00+01:00,20272.0,4,6,True,False,False,19268.0,15980.0,13.9,False
2020-09-20 05:00:00+01:00,20624.0,5,6,True,False,False,20486.0,15930.0,13.7,False
2020-09-20 06:00:00+01:00,22402.0,6,6,True,False,False,23884.0,17460.0,13.6,False
2020-09-20 07:00:00+01:00,24668.0,7,6,True,True,False,27723.0,20150.0,13.7,False
2020-09-20 08:00:00+01:00,28372.0,8,6,True,True,False,30524.0,24325.0,15.0,False
2020-09-20 09:00:00+01:00,30806.0,9,6,True,False,False,32200.0,28707.0,16.9,False
2020-09-20 10:00:00+01:00,32152.0,10,6,True,False,False,32906.0,30636.0,18.9,False
2020-09-20 11:00:00+01:00,33024.0,11,6,True,False,False,32652.0,30694.0,20.7,False
2020-09-20 12:00:00+01:00,33390.0,12,6,True,False,False,32140.0,31500.0,22.1,False
2020-09-20 13:00:00+01:00,33316.0,13,6,True,False,False,31860.0,30795.0,22.7,False
2020-09-20 14:00:00+01:00,32550.0,14,6,True,False,False,30605.0,29685.0,23.5,False
2020-09-20 15:00:00+01:00,31914.0,15,6,True,False,False,30658.0,29724.0,23.9,False
2020-09-20 16:00:00+01:00,33744.0,16,6,True,False,False,31772.0,32020.0,23.9,False
2020-09-20 17:00:00+01:00,34934.0,17,6,True,True,False,33317.0,33730.0,23.4,False
2020-09-20 18:00:00+01:00,34690.0,18,6,True,True,False,33663.0,34300.0,22.2,False
2020-09-20 19:00:00+01:00,35373.0,19,6,True,True,False,34474.0,34480.0,19.9,False
2020-09-20 20:00:00+01:00,34128.0,20,6,True,False,False,33144.0,34446.0,18.2,False
2020-09-20 21:00:00+01:00,31186.0,21,6,True,False,False,31120.0,32048.0,17.0,False
2020-09-20 22:00:00+01:00,27318.0,22,6,True,False,False,28832.0,29148.0,15.9,False
2020-09-20 23:00:00+01:00,24064.0,23,6,True,False,False,25910.0,24580.0,14.8,False
2020-09-21 00:00:00+01:00,21067.0,0,0,False,False,False,23768.0,22101.0,13.8,False
2020-09-21 01:00:00+01:00,20120.0,1,0,False,False,False,22328.0,21492.0,13.5,False
2020-09-21 02:00:00+01:00,19463.0,2,0,False,False,False,21257.0,21259.0,12.8,False
2020-09-21 03:00:00+01:00,18576.0,3,0,False,False,False,20545.0,20990.0,12.6,False
2020-09-21 04:00:00+01:00,18322.0,4,0,False,False,False,20272.0,20892.0,12.3,False
2020-09-21 05:00:00+01:00,18508.0,5,0,False,False,False,20624.0,18852.0,11.9,False
2020-09-21 06:00:00+01:00,23864.0,6,0,False,False,False,22402.0,23609.0,11.5,False
2020-09-21 07:00:00+01:00,29184.0,7,0,False,True,False,24668.0,28593.0,11.5,False
2020-09-21 08:00:00+01:00,32883.0,8,0,False,True,False,28372.0,32135.0,12.2,False
2020-09-21 09:00:00+01:00,34174.0,9,0,False,False,False,30806.0,34018.0,13.1,False
2020-09-21 10:00:00+01:00,32980.0,10,0,False,False,False,32152.0,33139.0,14.8,False
2020-09-21 11:00:00+01:00,32183.0,11,0,False,False,False,33024.0,33265.0,16.9,False
2020-09-21 12:00:00+01:00,33108.0,12,0,False,False,False,33390.0,34360.0,19.1,False
2020-09-21 13:00:00+01:00,31317.0,13,0,False,False,False,33316.0,33502.0,20.0,False
2020-09-21 14:00:00+01:00,30678.0,14,0,False,False,False,32550.0,32743.0,21.4,False
2020-09-21 15:00:00+01:00,30784.0,15,0,False,False,False,31914.0,32688.0,22.3,False
2020-09-21 16:00:00+01:00,33418.0,16,0,False,False,False,33744.0,34807.0,22.8,False
2020-09-21 17:00:00+01:00,35436.0,17,0,False,True,False,34934.0,36618.0,22.8,False
2020-09-21 18:00:00+01:00,35339.0,18,0,False,True,False,34690.0,36232.0,22.3,False
2020-09-21 19:00:00+01:00,36454.0,19,0,False,True,False,35373.0,35970.0,19.0,True
2020-09-21 20:00:00+01:00,34726.0,20,0,False,False,False,34128.0,34592.0,17.8,False
2020-09-21 21:00:00+01:00,31378.0,21,0,False,False,False,31186.0,31580.0,17.3,False
2020-09-21 22:00:00+01:00,26766.0,22,0,False,False,False,27318.0,26949.0,16.3,False
2020-09-21 23:00:00+01:00,23236.0,23,0,False,False,False,24064.0,21798.0,15.7,False
2020-09-22 00:00:00+01:00,21352.0,0,1,False,False,False,21067.0,18890.0,15.6,False
2020-09-22 01:00:00+01:00,20718.0,1,1,False,False,False,20120.0,18132.0,14.8,False
2020-09-22 02:00:00+01:00,20172.0,2,1,False,False,False,19463.0,18334.0,14.0,False
2020-09-22 03:00:00+01:00,19317.0,3,1,False,False,False,18576.0,17096.0,13.5,False
2020-09-22 04:00:00+01:00,19244.0,4,1,False,False,False,18322.0,16901.0,13.1,False
2020-09-22 05:00:00+01:00,20650.0,5,1,False,False,False,18508.0,18620.0,12.7,False
2020-09-22 06:00:00+01:00,24435.0,6,1,False,False,False,23864.0,24052.0,12.4,False
2020-09-22 07:00:00+01:00,28660.0,7,1,False,True,False,29184.0,28852.0,12.4,False
2020-09-22 08:00:00+01:00,32260.0,8,1,False,True,False,32883.0,31183.0,14.7,False
2020-09-22 09:00:00+01:00,32788.0,9,1,False,False,False,34174.0,32600.0,17.1,False
2020-09-22 10:00:00+01:00,32954.0,10,1,False,False,False,32980.0,32928.0,19.9,False
2020-09-22 11:00:00+01:00,33488.0,11,1,False,False,False,32183.0,33152.0,22.0,False
2020-09-22 12:00:00+01:00,33968.0,12,1,False,False,False,33108.0,34292.0,23.1,False
2020-09-22 13:00:00+01:00,33496.0,13,1,False,False,False,31317.0,33700.0,22.9,False
2020-09-22 14:00:00+01:00,33279.0,14,1,False,False,False,30678.0,32992.0,23.5,False
2020-09-22 15:00:00+01:00,33364.0,15,1,False,False,False,30784.0,33020.0,23.1,False
2020-09-22 16:00:00+01:00,33658.0,16,1,False,False,False,33418.0,35704.0,21.8,False
2020-09-22 17:00:00+01:00,34436.0,17,1,False,True,False,35436.0,37444.0,21.1,False
2020-09-22 18:00:00+01:00,34258.0,18,1,False,True,False,35339.0,36161.0,19.7,False
2020-09-22 19:00:00+01:00,34507.0,19,1,False,True,False,36454.0,36758.0,18.1,False
2020-09-22 20:00:00+01:00,32833.0,20,1,False,False,False,34726.0,35302.0,17.7,False
2020-09-22 21:00:00+01:00,28374.0,21,1,False,False,False,31378.0,31922.0,16.8,False
2020-09-22 22:00:00+01:00,25518.0,22,1,False,False,False,26766.0,27114.0,16.7,False
2020-09-22 23:00:00+01:00,22607.0,23,1,False,False,False,23236.0,23245.0,16.3,False
2020-09-23 00:00:00+01:00,20564.0,0,2,False,False,False,21352.0,20163.0,16.1,False
2020-09-23 01:00:00+01:00,20046.0,1,2,False,False,False,20718.0,18394.0,15.2,False
2020-09-23 02:00:00+01:00,20052.0,2,2,False,False,False,20172.0,17454.0,15.2,False
2020-09-23 03:00:00+01:00,19624.0,3,2,False,False,False,19317.0,16475.0,15.4,False
2020-09-23 04:00:00+01:00,20560.0,4,2,False,False,False,19244.0,16332.0,15.9,False
2020-09-23 05:00:00+01:00,20949.0,5,2,False,False,False,20650.0,18877.0,16.1,False
2020-09-23 06:00:00+01:00,24502.0,6,2,False,False,False,24435.0,24158.0,16.3,False
2020-09-23 07:00:00+01:00,30098.0,7,2,False,True,False,28660.0,27862.0,15.7,False
2020-09-23 08:00:00+01:00,34028.0,8,2,False,True,False,32260.0,30762.0,15.9,False
2020-09-23 09:00:00+01:00,35292.0,9,2,False,False,False,32788.0,31797.0,16.5,False
2020-09-23 10:00:00+01:00,35469.0,10,2,False,False,False,32954.0,31626.0,17.3,False
2020-09-23 11:00:00+01:00,36418.0,11,2,False,False,False,33488.0,32944.0,18.4,True
2020-09-23 12:00:00+01:00,36393.0,12,2,False,False,False,33968.0,33886.0,18.0,True
2020-09-23 13:00:00+01:00,35635.0,13,2,False,False,False,33496.0,33213.0,16.1,False
2020-09-23 14:00:00+01:00,35302.0,14,2,False,False,False,33279.0,32178.0,16.0,False
2020-09-23 15:00:00+01:00,35086.0,15,2,False,False,False,33364.0,32014.0,16.8,False
2020-09-23 16:00:00+01:00,36634.0,16,2,False,False,False,33658.0,33464.0,16.8,True
2020-09-23 17:00:00+01:00,37438.0,17,2,False,True,False,34436.0,34760.0,15.8,True
2020-09-23 18:00:00+01:00,37312.0,18,2,False,True,False,34258.0,34608.0,15.2,True
2020-09-23 19:00:00+01:00,37632.0,19,2,False,True,False,34507.0,35106.0,14.0,True
2020-09-23 20:00:00+01:00,36360.0,20,2,False,False,False,32833.0,33392.0,14.1,True
2020-09-23 21:00:00+01:00,31988.0,21,2,False,False,False,28374.0,30370.0,12.8,False
2020-09-23 22:00:00+01:00,29368.0,22,2,False,False,False,25518.0,27564.0,12.4,False
2020-09-23 23:00:00+01:00,27568.0,23,2,False,False,False,22607.0,24674.0,11.4,False
2020-09-24 00:00:00+01:00,25048.0,0,3,False,False,False,20564.0,21926.0,10.6,False
2020-09-24 01:00:00+01:00,24135.0,1,3,False,False,False,20046.0,20413.0,10.1,False
2020-09-24 02:00:00+01:00,23312.0,2,3,False,False,False,20052.0,20026.0,8.9,False
2020-09-24 03:00:00+01:00,22636.0,3,3,False,False,False,19624.0,20004.0,8.5,False
2020-09-24 04:00:00+01:00,22559.0,4,3,False,False,False,20560.0,19944.0,8.0,False
2020-09-24 05:00:00+01:00,23627.0,5,3,False,False,False,20949.0,20442.0,8.2,False
2020-09-24 06:00:00+01:00,28808.0,6,3,False,False,False,24502.0,23634.0,10.6,False
2020-09-24 07:00:00+01:00,33814.0,7,3,False,True,False,30098.0,29235.0,11.8,False
2020-09-24 08:00:00+01:00,36440.0,8,3,False,True,False,34028.0,33396.0,11.9,True
2020-09-24 09:00:00+01:00,36934.0,9,3,False,False,False,35292.0,33856.0,12.6,True
2020-09-24 10:00:00+01:00,36542.0,10,3,False,False,False,35469.0,33742.0,13.5,True
2020-09-24 11:00:00+01:00,35624.0,11,3,False,False,False,36418.0,34384.0,14.6,False
2020-09-24 12:00:00+01:00,35187.0,12,3,False,False,False,36393.0,34662.0,15.5,False
2020-09-24 13:00:00+01:00,36390.0,13,3,False,False,False,35635.0,33876.0,15.7,True
2020-09-24 14:00:00+01:00,35774.0,14,3,False,False,False,35302.0,33040.0,15.3,False
2020-09-24 15:00:00+01:00,36982.0,15,3,False,False,False,35086.0,32754.0,13.0,True
2020-09-24 16:00:00+01:00,37202.0,16,3,False,False,False,36634.0,34186.0,11.9,True
2020-09-24 17:00:00+01:00,39562.0,17,3,False,True,False,37438.0,35540.0,11.8,True
2020-09-24 18:00:00+01:00,39078.0,18,3,False,True,False,37312.0,34956.0,10.8,True
2020-09-24 19:00:00+01:00,39744.0,19,3,False,True,False,37632.0,36522.0,10.2,True
2020-09-24 20:00:00+01:00,37908.0,20,3,False,False,False,36360.0,35860.0,10.0,True
2020-09-24 21:00:00+01:00,35050.0,21,3,False,False,False,31988.0,32294.0,9.7,False
2020-09-24 22:00:00+01:00,30788.0,22,3,False,False,False,29368.0,28136.0,8.5,False
2020-09-24 23:00:00+01:00,27438.0,23,3,False,False,False,27568.0,26820.0,7.8,False
2020-09-25 00:00:00+01:00,24650.0,0,4,False,False,False,25048.0,24794.0,7.9,False
2020-09-25 01:00:00+01:00,23768.0,1,4,False,False,False,24135.0,23291.0,8.1,False
2020-09-25 02:00:00+01:00,23155.0,2,4,False,False,False,23312.0,22966.0,7.7,False
2020-09-25 03:00:00+01:00,21676.0,3,4,False,False,False,22636.0,22232.0,7.7,False
2020-09-25 04:00:00+01:00,21086.0,4,4,False,False,False,22559.0,22093.0,7.6,False
2020-09-25 05:00:00+01:00,21916.0,5,4,False,False,False,23627.0,22956.0,7.3,False
2020-09-25 06:00:00+01:00,26380.0,6,4,False,False,False,28808.0,27132.0,7.3,False
2020-09-25 07:00:00+01:00,33274.0,7,4,False,True,False,33814.0,32279.0,8.0,False
2020-09-25 08:00:00+01:00,36662.0,8,4,False,True,False,36440.0,35810.0,9.0,True
2020-09-25 09:00:00+01:00,36992.0,9,4,False,False,False,36934.0,35922.0,9.6,True
2020-09-25 10:00:00+01:00,36873.0,10,4,False,False,False,36542.0,34464.0,10.0,True
2020-09-25 11:00:00+01:00,36468.0,11,4,False,False,False,35624.0,34246.0,11.4,True
2020-09-25 12:00:00+01:00,36908.0,12,4,False,False,False,35187.0,34488.0,13.2,True
2020-09-25 13:00:00+01:00,22518.0,13,4,False,False,False,36390.0,32772.0,12.2,False
2020-09-25 14:00:00+01:00,35370.0,14,4,False,False,False,35774.0,31588.0,13.6,False
2020-09-25 15:00:00+01:00,34632.0,15,4,False,False,False,36982.0,31565.0,13.8,False
2020-09-25 16:00:00+01:00,35148.0,16,4,False,False,False,37202.0,32061.0,13.9,False
2020-09-25 17:00:00+01:00,37454.0,17,4,False,True,False,39562.0,33884.0,13.6,True
2020-09-25 18:00:00+01:00,37210.0,18,4,False,True,False,39078.0,33606.0,13.1,True
2020-09-25 19:00:00+01:00,37162.0,19,4,False,True,False,39744.0,35474.0,11.9,True
2020-09-25 20:00:00+01:00,34705.0,20,4,False,False,False,37908.0,33488.0,11.3,False
2020-09-25 21:00:00+01:00,31974.0,21,4,False,False,False,35050.0,30948.0,10.8,False
2020-09-25 22:00:00+01:00,28908.0,22,4,False,False,False,30788.0,27830.0,10.4,False
2020-09-25 23:00:00+01:00,24833.0,23,4,False,False,False,27438.0,26002.0,10.1,False
2020-09-26 00:00:00+01:00,21853.0,0,5,True,False,False,24650.0,23002.0,9.6,False
2020-09-26 01:00:00+01:00,20850.0,1,5,True,False,False,23768.0,21769.0,9.3,False
2020-09-26 02:00:00+01:00,19965.0,2,5,True,False,False,23155.0,21026.0,8.8,False
2020-09-26 03:00:00+01:00,19042.0,3,5,True,False,False,21676.0,19660.0,8.2,False
2020-09-26 04:00:00+01:00,18084.0,4,5,True,False,False,21086.0,19268.0,7.7,False
2020-09-26 05:00:00+01:00,18405.0,5,5,True,False,False,21916.0,20486.0,7.2,False
2020-09-26 06:00:00+01:00,21281.0,6,5,True,False,False,26380.0,23884.0,6.8,False
2020-09-26 07:00:00+01:00,26692.0,7,5,True,True,False,33274.0,27723.0,6.4,False
2020-09-26 08:00:00+01:00,31330.0,8,5,True,True,False,36662.0,30524.0,7.1,False
2020-09-26 09:00:00+01:00,33200.0,9,5,True,False,False,36992.0,32200.0,8.2,False
2020-09-26 10:00:00+01:00,33462.0,10,5,True,False,False,36873.0,32906.0,9.7,False
2020-09-26 11:00:00+01:00,33215.0,11,5,True,False,False,36468.0,32652.0,11.1,False
2020-09-26 12:00:00+01:00,33639.0,12,5,True,False,False,36908.0,32140.0,12.2,False
2020-09-26 13:00:00+01:00,33104.0,13,5,True,False,False,22518.0,31860.0,12.6,False
2020-09-26 14:00:00+01:00,32176.0,14,5,True,False,False,35370.0,30605.0,13.1,False
2020-09-26 15:00:00+01:00,32591.0,15,5,True,False,False,34632.0,30658.0,12.7,False
2020-09-26 16:00:00+01:00,33517.0,16,5,True,False,False,35148.0,31772.0,12.1,False
2020-09-26 17:00:00+01:00,36038.0,17,5,True,True,False,37454.0,33317.0,11.9,False
2020-09-26 18:00:00+01:00,36230.0,18,5,True,True,False,37210.0,33663.0,11.4,False
2020-09-26 19:00:00+01:00,36288.0,19,5,True,True,False,37162.0,34474.0,10.7,False
2020-09-26 20:00:00+01:00,34008.0,20,5,True,False,False,34705.0,33144.0,10.9,False
2020-09-26 21:00:00+01:00,31461.0,21,5,True,False,False,31974.0,31120.0,11.4,False
2020-09-26 22:00:00+01:00,28492.0,22,5,True,False,False,28908.0,28832.0,11.4,False
2020-09-26 23:00:00+01:00,25406.0,23,5,True,False,False,24833.0,25910.0,11.4,False
2020-09-27 00:00:00+01:00,22282.0,0,6,True,False,False,21853.0,23768.0,11.2,False
2020-09-27 01:00:00+01:00,21390.0,1,6,True,False,False,20850.0,22328.0,10.3,False
2020-09-27 02:00:00+01:00,20950.0,2,6,True,False,False,19965.0,21257.0,10.3,False
2020-09-27 03:00:00+01:00,19649.0,3,6,True,False,False,19042.0,20545.0,10.2,False
2020-09-27 04:00:00+01:00,19332.0,4,6,True,False,False,18084.0,20272.0,10.4,False
2020-09-27 05:00:00+01:00,20077.0,5,6,True,False,False,18405.0,20624.0,10.3,False
2020-09-27 06:00:00+01:00,21796.0,6,6,True,False,False,21281.0,22402.0,10.5,False
2020-09-27 07:00:00+01:00,25320.0,7,6,True,True,False,26692.0,24668.0,10.4,False
2020-09-27 08:00:00+01:00,29278.0,8,6,True,True,False,31330.0,28372.0,10.8,False
2020-09-27 09:00:00+01:00,32569.0,9,6,True,False,False,33200.0,30806.0,11.5,False
2020-09-27 10:00:00+01:00,34484.0,10,6,True,False,False,33462.0,32152.0,12.6,False
2020-09-27 11:00:00+01:00,35218.0,11,6,True,False,False,33215.0,33024.0,14.1,False
2020-09-27 12:00:00+01:00,36392.0,12,6,True,False,False,33639.0,33390.0,14.7,True
2020-09-27 13:00:00+01:00,35738.0,13,6,True,False,False,33104.0,33316.0,12.9,False
2020-09-27 14:00:00+01:00,34960.0,14,6,True,False,False,32176.0,32550.0,12.9,False
2020-09-27 15:00:00+01:00,35090.0,15,6,True,False,False,32591.0,31914.0,13.4,False
2020-09-27 16:00:00+01:00,36783.0,16,6,True,False,False,33517.0,33744.0,13.7,True
2020-09-27 17:00:00+01:00,38275.0,17,6,True,True,False,36038.0,34934.0,13.7,True
2020-09-27 18:00:00+01:00,38220.0,18,6,True,True,False,36230.0,34690.0,13.3,True
2020-09-27 19:00:00+01:00,38579.0,19,6,True,True,False,36288.0,35373.0,12.6,True
2020-09-27 20:00:00+01:00,36662.0,20,6,True,False,False,34008.0,34128.0,12.2,True
2020-09-27 21:00:00+01:00,33226.0,21,6,True,False,False,31461.0,31186.0,12.0,False
2020-09-27 22:00:00+01:00,30005.0,22,6,True,False,False,28492.0,27318.0,11.8,False
2020-09-27 23:00:00+01:00,26746.0,23,6,True,False,False,25406.0,24064.0,11.7,False
2020-09-28 00:00:00+01:00,23648.0,0,0,False,False,False,22282.0,21067.0,11.2,False
2020-09-28 01:00:00+01:00,22922.0,1,0,False,False,False,21390.0,20120.0,10.3,False
2020-09-28 02:00:00+01:00,23410.0,2,0,False,False,False,20950.0,19463.0,10.2,False
2020-09-28 03:00:00+01:00,22860.0,3,0,False,False,False,19649.0,18576.0,9.9,False
2020-09-28 04:00:00+01:00,22706.0,4,0,False,False,False,19332.0,18322.0,9.7,False
2020-09-28 05:00:00+01:00,23108.0,5,0,False,False,False,20077.0,18508.0,9.6,False
2020-09-28 06:00:00+01:00,28738.0,6,0,False,False,False,21796.0,23864.0,9.6,False
2020-09-28 07:00:00+01:00,33454.0,7,0,False,True,False,25320.0,29184.0,8.8,False
2020-09-28 08:00:00+01:00,36264.0,8,0,False,True,False,29278.0,32883.0,9.0,False
2020-09-28 09:00:00+01:00,37419.0,9,0,False,False,False,32569.0,34174.0,10.1,True
2020-09-28 10:00:00+01:00,37869.0,10,0,False,False,False,34484.0,32980.0,11.6,True
2020-09-28 11:00:00+01:00,37644.0,11,0,False,False,False,35218.0,32183.0,13.1,True
2020-09-28 12:00:00+01:00,37908.0,12,0,False,False,False,36392.0,33108.0,14.7,True
2020-09-28 13:00:00+01:00,36514.0,13,0,False,False,False,35738.0,31317.0,15.7,True
2020-09-28 14:00:00+01:00,35368.0,14,0,False,False,False,34960.0,30678.0,16.7,False
2020-09-28 15:00:00+01:00,35952.0,15,0,False,False,False,35090.0,30784.0,17.2,False
2020-09-28 16:00:00+01:00,38976.0,16,0,False,False,False,36783.0,33418.0,18.2,True
2020-09-28 17:00:00+01:00,40628.0,17,0,False,True,False,38275.0,35436.0,18.2,True
2020-09-28 18:00:00+01:00,40578.0,18,0,False,True,False,38220.0,35339.0,16.5,True
2020-09-28 19:00:00+01:00,40652.0,19,0,False,True,False,38579.0,36454.0,15.2,True
2020-09-28 20:00:00+01:00,37627.0,20,0,False,False,False,36662.0,34726.0,13.6,True
2020-09-28 21:00:00+01:00,33398.0,21,0,False,False,False,33226.0,31378.0,13.7,False
2020-09-28 22:00:00+01:00,28006.0,22,0,False,False,False,30005.0,26766.0,14.0,False
2020-09-28 23:00:00+01:00,25816.0,23,0,False,False,False,26746.0,23236.0,14.9,False
2020-09-29 00:00:00+01:00,24077.0,0,1,False,False,False,23648.0,21352.0,14.5,False
2020-09-29 01:00:00+01:00,24328.0,1,1,False,False,False,22922.0,20718.0,14.2,False
2020-09-29 02:00:00+01:00,24122.0,2,1,False,False,False,23410.0,20172.0,14.5,False
2020-09-29 03:00:00+01:00,23111.0,3,1,False,False,False,22860.0,19317.0,14.5,False
2020-09-29 04:00:00+01:00,22714.0,4,1,False,False,False,22706.0,19244.0,14.5,False
2020-09-29 05:00:00+01:00,23220.0,5,1,False,False,False,23108.0,20650.0,14.6,False
2020-09-29 06:00:00+01:00,28326.0,6,1,False,False,False,28738.0,24435.0,14.5,False
2020-09-29 07:00:00+01:00,33288.0,7,1,False,True,False,33454.0,28660.0,14.2,False
2020-09-29 08:00:00+01:00,35948.0,8,1,False,True,False,36264.0,32260.0,14.7,False
2020-09-29 09:00:00+01:00,36670.0,9,1,False,False,False,37419.0,32788.0,14.8,True
2020-09-29 10:00:00+01:00,36418.0,10,1,False,False,False,37869.0,32954.0,14.9,True
2020-09-29 11:00:00+01:00,36926.0,11,1,False,False,False,37644.0,33488.0,15.9,True
2020-09-29 12:00:00+01:00,37738.0,12,1,False,False,False,37908.0,33968.0,16.4,True
2020-09-29 13:00:00+01:00,37800.0,13,1,False,False,False,36514.0,33496.0,17.2,True
2020-09-29 14:00:00+01:00,36315.0,14,1,False,False,False,35368.0,33279.0,17.8,True
2020-09-29 15:00:00+01:00,35689.0,15,1,False,False,False,35952.0,33364.0,17.8,False
2020-09-29 16:00:00+01:00,38162.0,16,1,False,False,False,38976.0,33658.0,17.7,True
2020-09-29 17:00:00+01:00,39328.0,17,1,False,True,False,40628.0,34436.0,17.2,True
2020-09-29 18:00:00+01:00,39872.0,18,1,False,True,False,40578.0,34258.0,15.9,True
2020-09-29 19:00:00+01:00,41408.0,19,1,False,True,False,40652.0,34507.0,13.4,True
2020-09-29 20:00:00+01:00,38930.0,20,1,False,False,False,37627.0,32833.0,13.3,True
2020-09-29 21:00:00+01:00,33522.0,21,1,False,False,False,33398.0,28374.0,13.0,False
2020-09-29 22:00:00+01:00,28832.0,22,1,False,False,False,28006.0,25518.0,12.1,False
2020-09-29 23:00:00+01:00,28006.0,23,1,False,False,False,25816.0,22607.0,12.0,False
2020-09-30 00:00:00+01:00,25231.0,0,2,False,False,False,24077.0,20564.0,12.5,False
2020-09-30 01:00:00+01:00,24044.0,1,2,False,False,False,24328.0,20046.0,13.1,False
2020-09-30 02:00:00+01:00,22758.0,2,2,False,False,False,24122.0,20052.0,13.4,False
2020-09-30 03:00:00+01:00,20210.0,3,2,False,False,False,23111.0,19624.0,13.0,False
2020-09-30 04:00:00+01:00,19109.0,4,2,False,False,False,22714.0,20560.0,12.0,False
2020-09-30 05:00:00+01:00,20128.0,5,2,False,False,False,23220.0,20949.0,10.6,False
2020-09-30 06:00:00+01:00,24511.0,6,2,False,False,False,28326.0,24502.0,10.2,False
2020-09-30 07:00:00+01:00,29950.0,7,2,False,True,False,33288.0,30098.0,10.4,False
2020-09-30 08:00:00+01:00,32632.0,8,2,False,True,False,35948.0,34028.0,11.8,False
2020-09-30 09:00:00+01:00,33558.0,9,2,False,False,False,36670.0,35292.0,13.9,False
2020-09-30 10:00:00+01:00,33232.0,10,2,False,False,False,36418.0,35469.0,15.9,False
2020-09-30 11:00:00+01:00,34366.0,11,2,False,False,False,36926.0,36418.0,16.7,False
2020-09-30 12:00:00+01:00,35396.0,12,2,False,False,False,37738.0,36393.0,18.4,False
2020-09-30 13:00:00+01:00,36221.0,13,2,False,False,False,37800.0,35635.0,16.8,False
2020-09-30 14:00:00+01:00,36364.0,14,2,False,False,False,36315.0,35302.0,15.9,True
2020-09-30 15:00:00+01:00,37469.0,15,2,False,False,False,35689.0,35086.0,16.5,True
2020-09-30 16:00:00+01:00,40000.0,16,2,False,False,False,38162.0,36634.0,16.0,True
2020-09-30 17:00:00+01:00,41149.0,17,2,False,True,False,39328.0,37438.0,15.7,True
2020-09-30 18:00:00+01:00,41185.0,18,2,False,True,False,39872.0,37312.0,15.1,True
2020-09-30 19:00:00+01:00,40614.0,19,2,False,True,False,41408.0,37632.0,14.9,True
2020-09-30 20:00:00+01:00,37522.0,20,2,False,False,False,38930.0,36360.0,14.8,True
2020-09-30 21:00:00+01:00,33898.0,21,2,False,False,False,33522.0,31988.0,14.6,False
2020-09-30 22:00:00+01:00,29748.0,22,2,False,False,False,28832.0,29368.0,14.6,False
2020-09-30 23:00:00+01:00,24604.0,23,2,False,False,False,28006.0,27568.0,14.3,False
2020-10-01 00:00:00+01:00,21528.0,0,3,False,False,False,25231.0,25048.0,13.9,False
